{
    "title": "Pokemon Franchise Overview",
    "introduction": "Pokemon is a globally popular franchise that began as a video game and later expanded into anime movies cards and merchandise.",
    "objective": "The objective of this document is to demonstrate how unstructured information about Pokemon can be converted into a structured report.",
    "methodology": "Unformatted text is manually provided and then organized into predefined sections to simulate AI-based structuring.",
    "conclusion": "Pokemon is a complex cultural phenomenon and structuring such information improves readability and presentation."
}